,loss,auc,val_loss,val_auc
0,0.25960782170295715,0.9222251176834106,0.2433222532272339,0.9558333158493042
1,0.2291296422481537,0.9556930661201477,0.2861340343952179,0.9467261433601379
