,loss,auc,val_loss,val_auc
0,0.21932777762413025,0.9637771844863892,0.2424323409795761,0.963273823261261
1,0.20625969767570496,0.9673750400543213,0.22993838787078857,0.9623810648918152
